Christopher,,Edwards,edchris@gmail.com,"Baker Street-11, Northampton","Baker Street-11, Northampton",(451) 248-9654,1,A-Levels
Graham,Matteus,Vinitchaikul,Graham@gmail.com,"Wall Street-9, Wolverhampton","Wall Street-9, Wolverhampton",(545) 454-5455,1,A-Levels
Asad,,Cox,Asad@gmail.com,"	Canal Street-08, Manchester","	Canal Street-08, Manchester",(556) 454-5145,1,A-Levels
Andrew,,Carpenter ,Andrew@gmail.com,"King Street-08, Manchester","King Street-08, Manchester",(545) 454-5454,1,+2
Alexander,Dimittri,Begum,Alexander@gmail.com,"Oxford Road, Manchester","Oxford Road, Manchester",(874) 115-1544,1,+2
Adam,,Stevenson,Adam@gmail.com,"Westgate, Gloucester","Westgate, Gloucester",(887) 878-7878,1,+2
Benjamin,,Corke,Benjamin@gmail.com,"Lombard Street, Petworth","Lombard Street, Petworth",(878) 454-5121,1,A-Levels
Andrew,,Brown,Andrew@gmail.com,"Baker Street-14, Northampton","Baker Street-14, Northampton",(989) 302-1012,1,A-Levels
David,Archimedes,O'toole,David@gmail.com,"Wall Street-7, Wolverhampton","Wall Street-7, Wolverhampton",(888) 521-2100,1,A-Levels
Darren,Douglas,Mathoo,Darren@gmail.com,"Canal Street-03, Manchester","Canal Street-03, Manchester",(787) 871-0215,1,A-Levels
Adam,,Wright,Adam@gmail.com,"King Street-2, Manchester","King Street-2, Manchester",(545) 412-1545,1,A-Levels
Andrew,,Bonney,Andrew@gmail.com,"Oxford Road, Manchester","Oxford Road, Manchester",(784) 821-2232,1,A-Levels
Japhet,Darius,Horton,Japhet@gmail.com,"Westgate, Gloucester","Westgate, Gloucester",(545) 202-1202,1,A-Levels
Anesley,,Bowers,Anesley@gmail.com,"Lombard Street, Petworth","Lombard Street, Petworth",(452) 021-5454,1,A-Levels
Francisco,Amos,Ruffell,Francisco@gmail.com,"Oxford Road, Manchester","Oxford Road, Manchester",(878) 452-0200,1,A-Levels
Benjamin,,Dempster,Benjamin@gmail.com,"Westgate, Gloucester","Westgate, Gloucester",(544) 222-6597,1,2
Daniel,Myles,Girdlestone,Daniel@gmail.com,"Lombard Street, Petworth","Lombard Street, Petworth",(875) 122-0895,1,2
Ian,,Riggs,Ian@gmail.com,"Baker Street-14, Northampton","Baker Street-14, Northampton",(784) 113-5455,1,2
Hiren,Damien,Stevens,Hiren@gmail.com,"Wall Street-7, Wolverhampton","Wall Street-7, Wolverhampton",(885) 112-2121,1,2
Benjamin,,Dzialoszynski,Benjamin@gmail.com,"Canal Street-03, Manchester","Canal Street-03, Manchester",(788) 455-4112,1,2
Gerrad,James,Swallow,Gerrad.swa@rocketmail.com,"Baker Street-15, Northampton","Baker Street-15, Northampton",(145) 789-6325,1,2
Guiseppe,,Tipper,Guiseppe.tip@rocketmail.com,"Wall Street-8, Wolverhampton","Wall Street-8, Wolverhampton",(478) 596-3214,1,2
Jayne,,Dodd,Jayne.dod@gmail.com,"	Canal Street-08, Manchester","	Canal Street-08, Manchester",(789) 654-1236,1,2
Jaime,,Mcrae,Jaime.mcr12@gmail.com,"King Street-08, Manchester","King Street-08, Manchester",(785) 412-3658,1,2
Imrab,,Muna,Imrab.mun@rocketmail.com,"Oxford Road-3, Manchester","Oxford Road-3, Manchester",(456) 321-5896,1,2
Julie,Demetrios,Calvert,Julie.cal@rocketmail.com,"Westgate-6, Gloucester","Westgate-6, Gloucester",(987) 456-3214,1,2
Matthew,Durmus,Whitworth,Matthew.whi@rocketmail.com,"Lombard Street-7, Petworth","Lombard Street-7, Petworth",(478) 965-2314,1,2
Lalita,,Hunt,Lalita.hun@rocketmail.com,"Baker Street-4, Northampton","Baker Street-4, Northampton",(102) 547-8963,1,2
Michael,,Su,Michael.us34@gmail.com,"Wall Street-17, Wolverhampton","Wall Street-17, Wolverhampton",(102) 320-2458,1,A-Levels
Peter,,Gornall,Peter.gor@rocketmail.com,"Canal Street-13, Manchester","Canal Street-13, Manchester",(154) 780-3698,1,2
Kapil,,Wells,Kapil.wel@rocketmail.com,"King Street-12, Manchester","King Street-12, Manchester",(458) 796-2103,1,A-Levels
Laura,Diemantas,Clark,Laura.cla@rocketmail.com,"Oxford Road-8, Manchester","Oxford Road-8, Manchester",(545) 854-4555,1,A-Levels
Miles,,Broughton,Miles.bro@rocketmail.com,"Westgate-9, Gloucester","Westgate-9, Gloucester",(457) 895-6876,1,A-Levels
Mark,,Goss,Mark.gos@rocketmail.com,"Lombard Street-9, Petworth","Lombard Street-9, Petworth",(211) 452-0335,1,A-Levels
Paul,,Neal,Paul.nea@rocketmail.com,"Oxford Road-7, Manchester","Oxford Road-7, Manchester",(102) 365-4788,1,A-Levels
Mario,,Abdillah,Mario.abd@rocketmail.com,"Westgate-5, Gloucester","Westgate-5, Gloucester",(122) 544-5652,1,A-Levels
Melissa,James,Broughton,Melissa.bro@rocketmail.com,"Lombard Street-12, Petworth","Lombard Street-12, Petworth",(457) 801-2547,1,A-Levels
Peter,Marquis,Vinitchaikul,Peter.vin@rocketmail.com,"Baker Street-4, Northampton","Baker Street-4, Northampton",(102) 325-6567,1,2
Justin,,Brown,Justin.bro@rocketmail.com,"Wall Street-17, Wolverhampton","Wall Street-17, Wolverhampton",(102) 365-4789,1,2
Mohammad,Damek,Albert,Mohammad.alb@rocketmail.com,"Canal Street-13, Manchester","Canal Street-13, Manchester",(457) 656-5464,1,2
